{"bookmarks":[{"pageid":328,"title":"书签标题","x":-21.373931253465262,"y":1194.6902626936899}]}