{"bookmarks":[{"pageid":114,"title":"书签标题","x":95.99999713897714,"y":184.79999449253097}]}