{"bookmarks":[{"pageid":13,"title":"书签标题","x":-7.499999776482589,"y":91.49999727308759}]}