{"bookmarks":[{"pageid":72,"title":"list）是一种物理存储单元上非连续的存储结构，数据元素的逻辑顺序是通过链表中的指针链接","x":-11.847609208666718,"y":118.47609208666718}]}